,url
0,http://jhsjk.people.cn/article/31456481
1,http://jhsjk.people.cn/article/31456340
2,http://jhsjk.people.cn/article/31395239
3,http://jhsjk.people.cn/article/31053841
4,http://jhsjk.people.cn/article/31053842
5,http://jhsjk.people.cn/article/31053291
6,http://jhsjk.people.cn/article/30998648
7,http://jhsjk.people.cn/article/30997013
8,http://jhsjk.people.cn/article/30986759
9,http://jhsjk.people.cn/article/30440243
10,http://jhsjk.people.cn/article/30435823
11,http://jhsjk.people.cn/article/30431066
12,http://jhsjk.people.cn/article/30428717
13,http://jhsjk.people.cn/article/30409787
14,http://jhsjk.people.cn/article/30407251
15,http://jhsjk.people.cn/article/30406666
16,http://jhsjk.people.cn/article/30406658
17,http://jhsjk.people.cn/article/30401403
18,http://jhsjk.people.cn/article/30289798
19,http://jhsjk.people.cn/article/30272357
20,http://jhsjk.people.cn/article/30269703
21,http://jhsjk.people.cn/article/30173944
22,http://jhsjk.people.cn/article/30170246
23,http://jhsjk.people.cn/article/30139172
24,http://jhsjk.people.cn/article/30048672
25,http://jhsjk.people.cn/article/30048673
26,http://jhsjk.people.cn/article/30047890
27,http://jhsjk.people.cn/article/29879544
28,http://jhsjk.people.cn/article/29780022
29,http://jhsjk.people.cn/article/29681332
30,http://jhsjk.people.cn/article/29643593
31,http://jhsjk.people.cn/article/29639925
32,http://jhsjk.people.cn/article/29639918
33,http://jhsjk.people.cn/article/29637604
34,http://jhsjk.people.cn/article/29613458
35,http://jhsjk.people.cn/article/29561212
36,http://jhsjk.people.cn/article/29517446
37,http://jhsjk.people.cn/article/29517442
38,http://jhsjk.people.cn/article/29514692
39,http://jhsjk.people.cn/article/29514447
40,http://jhsjk.people.cn/article/29512050
41,http://jhsjk.people.cn/article/29391615
42,http://jhsjk.people.cn/article/29388864
43,http://jhsjk.people.cn/article/29384703
44,http://jhsjk.people.cn/article/29380500
45,http://jhsjk.people.cn/article/29330881
46,http://jhsjk.people.cn/article/29325185
47,http://jhsjk.people.cn/article/29324528
48,http://jhsjk.people.cn/article/29277193
49,http://jhsjk.people.cn/article/29277194
50,http://jhsjk.people.cn/article/29274601
51,http://jhsjk.people.cn/article/29274595
52,http://jhsjk.people.cn/article/29187557
53,http://jhsjk.people.cn/article/29037658
54,http://jhsjk.people.cn/article/29023704
55,http://jhsjk.people.cn/article/28923937
56,http://jhsjk.people.cn/article/28888449
57,http://jhsjk.people.cn/article/28888443
58,http://jhsjk.people.cn/article/28886074
59,http://jhsjk.people.cn/article/28882468
60,http://jhsjk.people.cn/article/28877481
61,http://jhsjk.people.cn/article/28874031
62,http://jhsjk.people.cn/article/28782971
63,http://jhsjk.people.cn/article/28773968
64,http://jhsjk.people.cn/article/28710957
65,http://jhsjk.people.cn/article/28587219
66,http://jhsjk.people.cn/article/28478483
67,http://jhsjk.people.cn/article/28470783
68,http://jhsjk.people.cn/article/28467564
69,http://jhsjk.people.cn/article/28454886
70,http://jhsjk.people.cn/article/28451755
71,http://jhsjk.people.cn/article/28416143
72,http://jhsjk.people.cn/article/28313169
73,http://jhsjk.people.cn/article/28229071
74,http://jhsjk.people.cn/article/28075098
75,http://jhsjk.people.cn/article/28075085
76,http://jhsjk.people.cn/article/28068550
77,http://jhsjk.people.cn/article/28065201
78,http://jhsjk.people.cn/article/27893603
79,http://jhsjk.people.cn/article/27892687
80,http://jhsjk.people.cn/article/27892684
81,http://jhsjk.people.cn/article/27878817
82,http://jhsjk.people.cn/article/27878819
83,http://jhsjk.people.cn/article/27874112
84,http://jhsjk.people.cn/article/27835631
85,http://jhsjk.people.cn/article/27822554
86,http://jhsjk.people.cn/article/27817853
87,http://jhsjk.people.cn/article/27789964
88,http://jhsjk.people.cn/article/27788359
89,http://jhsjk.people.cn/article/27788357
90,http://jhsjk.people.cn/article/27783409
91,http://jhsjk.people.cn/article/27730625
92,http://jhsjk.people.cn/article/27711859
93,http://jhsjk.people.cn/article/27644987
94,http://jhsjk.people.cn/article/27641163
95,http://jhsjk.people.cn/article/27638798
96,http://jhsjk.people.cn/article/27637466
97,http://jhsjk.people.cn/article/27632208
98,http://jhsjk.people.cn/article/27626927
99,http://jhsjk.people.cn/article/27626928
100,http://jhsjk.people.cn/article/27622008
101,http://jhsjk.people.cn/article/27287860
102,http://jhsjk.people.cn/article/27281888
103,http://jhsjk.people.cn/article/27056183
104,http://jhsjk.people.cn/article/27050042
105,http://jhsjk.people.cn/article/26973455
106,http://jhsjk.people.cn/article/26966607
107,http://jhsjk.people.cn/article/26890358
108,http://jhsjk.people.cn/article/26883908
109,http://jhsjk.people.cn/article/26869874
110,http://jhsjk.people.cn/article/26811011
111,http://jhsjk.people.cn/article/26765899
112,http://jhsjk.people.cn/article/26353652
113,http://jhsjk.people.cn/article/26072614
114,http://jhsjk.people.cn/article/26057927
115,http://jhsjk.people.cn/article/26043313
116,http://jhsjk.people.cn/article/26032955
117,http://jhsjk.people.cn/article/26027449
118,http://jhsjk.people.cn/article/26008447
119,http://jhsjk.people.cn/article/26008448
120,http://jhsjk.people.cn/article/26001014
121,http://jhsjk.people.cn/article/25997795
122,http://jhsjk.people.cn/article/25770391
123,http://jhsjk.people.cn/article/25690823
124,http://jhsjk.people.cn/article/25684408
125,http://jhsjk.people.cn/article/25674569
126,http://jhsjk.people.cn/article/25658787
127,http://jhsjk.people.cn/article/25654082
128,http://jhsjk.people.cn/article/25637865
129,http://jhsjk.people.cn/article/25523548
130,http://jhsjk.people.cn/article/25515671
131,http://jhsjk.people.cn/article/25301723
132,http://jhsjk.people.cn/article/25296593
133,http://jhsjk.people.cn/article/25291163
134,http://jhsjk.people.cn/article/25280743
135,http://jhsjk.people.cn/article/25261696
136,http://jhsjk.people.cn/article/25242090
137,http://jhsjk.people.cn/article/25236664
138,http://jhsjk.people.cn/article/25214109
139,http://jhsjk.people.cn/article/25110795
140,http://jhsjk.people.cn/article/25048467
141,http://jhsjk.people.cn/article/25008109
142,http://jhsjk.people.cn/article/24799696
143,http://jhsjk.people.cn/article/24773108
144,http://jhsjk.people.cn/article/24773109
145,http://jhsjk.people.cn/article/24770826
146,http://jhsjk.people.cn/article/24770827
147,http://jhsjk.people.cn/article/24759342
148,http://jhsjk.people.cn/article/24736453
149,http://jhsjk.people.cn/article/24725050
150,http://jhsjk.people.cn/article/24725051
151,http://jhsjk.people.cn/article/24303725
152,http://jhsjk.people.cn/article/23117743
153,http://jhsjk.people.cn/article/23117724
154,http://jhsjk.people.cn/article/23104126
155,http://jhsjk.people.cn/article/23099538
156,http://jhsjk.people.cn/article/22920565
157,http://jhsjk.people.cn/article/22843712
158,http://jhsjk.people.cn/article/22826449
159,http://jhsjk.people.cn/article/22826347
160,http://jhsjk.people.cn/article/22798385
161,http://jhsjk.people.cn/article/21770184
162,http://jhsjk.people.cn/article/21697871
163,http://jhsjk.people.cn/article/21048139
164,http://jhsjk.people.cn/article/20971990
165,http://jhsjk.people.cn/article/20943906
166,http://jhsjk.people.cn/article/20911841
167,http://jhsjk.people.cn/article/20893328
168,http://jhsjk.people.cn/article/20845747
